{
  "project_info": {
    "project_number": "383423202219",
    "firebase_url": "https://cateferia.firebaseio.com",
    "project_id": "cateferia",
    "storage_bucket": "cateferia.appspot.com"
  },
  "client": [
    {
      "client_info": {
        "mobilesdk_app_id": "1:383423202219:android:4840c95e0a804645ef88ee",
        "android_client_info": {
          "package_name": "com.example.cateferia"
        }
      },
      "oauth_client": [
        {
          "client_id": "383423202219-9l8nniiqnrnaeq7rl47ifv3rtb72v71u.apps.googleusercontent.com",
          "client_type": 1,
          "android_info": {
            "package_name": "com.example.cateferia",
            "certificate_hash": "cadfc8fe7186f7bcc27cb3bfc75446b5d0e6175a"
          }
        },
        {
          "client_id": "383423202219-dujpal03boictseqjkutmltg7d5rvfk9.apps.googleusercontent.com",
          "client_type": 3
        }
      ],
      "api_key": [
        {
          "current_key": "AIzaSyD28zK7dEGh-MDj0MqxpkpVcA0yW_W1aWM"
        }
      ],
      "services": {
        "appinvite_service": {
          "other_platform_oauth_client": [
            {
              "client_id": "383423202219-dujpal03boictseqjkutmltg7d5rvfk9.apps.googleusercontent.com",
              "client_type": 3
            }
          ]
        }
      }
    }
  ],
  "configuration_version": "1"
}